from,to
TR-0092,TR-0024
TR-0092,TR-0001
TR-0092,LTCW
TR-0092,LTBU
TR-0092,LTCD
TR-0092,LFTO
LTCB,LTBP
LTCB,LTCE
LTCB,LTCF
LTCA,LTAP
LTCA,TR-0024
LTCA,LTCI
TR-0030,LTAJ
TR-0030,TR-0035
TR-0030,LTCC
TR-0030,TR-0099
TR-0030,LTAS
TR-0030,LTAP
TR-0099,LTCD
TR-0099,TR-0015
TR-0099,TR-0030
TR-0099,TR-0024
TR-0099,LTBP
LTCF,TR-0039
LTCF,LTAJ
LTCF,LTCI
LTCF,LTCB
LTCE,LTCB
LTCE,LTAN
LTCE,TR-0079
LTCE,LTCD
LTCD,TR-0001
LTCD,TR-0099
LTCD,LTCE
LTCD,LTAS
LTCD,TR-0092
LTCD,LTAJ
LTCD,LTCN
LTCC,LTCN
LTCC,LTCT
LTCC,LTCW
LTCC,TR-0030
LTCC,TR-0014
LTCC,TR-0017
LTCI,LTAW
LTCI,LTCA
LTCI,LTCF
LTAL,TR-0029
LTAL,LTBO
LTCN,TR-0020
LTCN,LTCC
LTCN,LTCD
LTAJ,LTCF
LTAJ,TR-0030
LTAJ,LTCD
LTCK,TR-0080
LTCK,LTAW
LTCK,LTAS
LTCK,TR-0015
LTAP,LTBN
LTAP,LTCA
LTAP,TR-0024
LTAP,LTCW
LTAP,TR-0030
LTAN,LTCE
LTAN,LTBU
LFTO,LTCT
LFTO,TR-0017
LFTO,LTBP
LFTO,TR-0092
TR-0079,TR-0017
TR-0079,TR-0029
TR-0079,LTCE
TR-0079,LTAW
TR-0035,TR-0030
TR-0035,LTAR
LTAS,TR-0014
LTAS,TR-0039
LTAS,LTCD
LTAS,TR-0030
LTAS,TR-0016
LTAS,LTCW
LTAS,LTCK
TR-0015,TR-0099
TR-0015,TR-0014
TR-0015,LTCK
LTAR,TR-0035
LTAR,TR-0080
LTAR,LTBQ
LTCT,LTCC
LTCT,LFTO
LTCT,TR-0014
LTCT,TR-0044
TR-0014,TR-0015
TR-0014,LTAS
TR-0014,TR-0001
TR-0014,TR-0044
TR-0014,TR-0039
TR-0014,LTCC
TR-0014,LTCT
TR-0017,LFTO
TR-0017,TR-0079
TR-0017,LTCC
TR-0017,LTBU
TR-0039,LTAS
TR-0039,LTCF
TR-0039,LTCW
TR-0039,TR-0014
TR-0016,LTBQ
TR-0016,LTAS
LTAW,LTCK
LTAW,LTCI
LTAW,TR-0079
LTCW,TR-0044
LTCW,TR-0020
LTCW,LTCC
LTCW,LTAP
LTCW,TR-0039
LTCW,TR-0092
LTCW,LTAS
TR-0020,LTCW
TR-0020,LTCN
TR-0020,TR-0029
TR-0020,LTBO
TR-0044,LTBU
TR-0044,LTCW
TR-0044,TR-0014
TR-0044,LTCT
TR-0080,LTAR
TR-0080,LTCK
LTBQ,TR-0016
LTBQ,LTBP
LTBQ,LTAR
LTBP,LTBQ
LTBP,LTCB
LTBP,LFTO
LTBP,TR-0099
LTBO,LTAL
LTBO,LTBN
LTBO,TR-0029
LTBO,TR-0020
LTBN,LTBO
LTBN,LTAP
TR-0024,LTCA
TR-0024,TR-0092
TR-0024,LTAP
TR-0024,TR-0099
LTBU,LTAN
LTBU,TR-0044
LTBU,TR-0092
LTBU,TR-0001
LTBU,TR-0017
TR-0001,TR-0092
TR-0001,LTCD
TR-0001,TR-0014
TR-0001,LTBU
TR-0029,TR-0079
TR-0029,LTAL
TR-0029,TR-0020
TR-0029,LTBO
